,name,logo,employees,foundedYear,city,state,twitter,twitter_bio,twitter_followers,company_rank,type,description
0,New York Times,http://logo.bigpicture.io/logo/nytimes.com,4500.0,1851.0,New York,New York,nytimes,News tips? Share them here: nyti.ms/2FVHq9v,49808880.0,30.0,public,"The New York Times: Find breaking news, multimedia, reviews & opinion on Washington, business, sports, movies, travel, books, jobs, education, real estate, cars & more at nytimes.com."
1,Npr,http://logo.bigpicture.io/logo/npr.org,3001.0,1970.0,Washington,District of Columbia,npr,"News. Arts & Life. Music & more. This is NPR.

üïµÔ∏è Securely send us news tips: https://t.co/LPkf6Tsozm",8291315.0,563.0,private,"National Public Radio, Inc. operates as a radio station. The Company broadcast musical and other programs, news, and sports information. National Public Radio serves customers in the United States."
2,New Yorker,http://logo.bigpicture.io/logo/newyorker.com,272.0,1925.0,New York,New York,newyorker,"Unparalleled reporting and commentary on politics and culture, plus humor and cartoons, fiction and poetry, reviews, and criticism.",8761109.0,739.0,private,"Reporting, Profiles, breaking news, cultural coverage, podcasts, videos, and cartoons from The New Yorker."
3,CNET Networks,http://logo.bigpicture.io/logo/cnet.com,3001.0,1995.0,San Francisco,California,cnet,CNET is the place to find out what's happening in tech and why it matters.,1594752.0,117.0,private,"CNET is the world's leader in tech product reviews, news, prices, videos, forums, how-tos and more."
4,Yahoo,http://logo.bigpicture.io/logo/yahoo.com,8600.0,1994.0,Sunnyvale,California,yahoonews,Top stories. Trusted sources. Your window to the news that matters most to you. Current live events pinned below. Download our app here: http://yhoo.it/2mYfv0V,1106821.0,11.0,public,"Yahoo!7 Pty Ltd operates as an online media company. The Company offers users access to mail, news, television on demand, finance, sport, lifestyle, entertainment, travel, weather, answers, compare, competitions, jobs, courses, dating, and horoscopes. Yahoo!7 serves customers worldwide."
5,Boston Globe,http://logo.bigpicture.io/logo/bostonglobe.com,2200.0,1872.0,Boston,Massachusetts,bostonglobe,"Boston and New England's leading source for breaking news and analysis, with coverage from across the world. Follow our journalists: https://t.co/KPOiZTQG87",731118.0,1063.0,public,"The Boston Globe is the leading newspaper in New England, with news, sports, lifestyle features, and arts and entertainment news."
6,Dallas Morning News,http://logo.bigpicture.io/logo/dallasnews.com,652.0,1885.0,Dallas,Texas,dallasnews,"The official Dallas Morning News Twitter account with daily news, updates and headlines from https://t.co/AsHKI8KMUM.",675838.0,1423.0,private,"The Dallas Morning News: Find breaking news, investigations, reviews and opinion on business, sports, arts, entertainment, food, real estate, crime and more at dallasnews.com."
7,Houston Chronicle,http://logo.bigpicture.io/logo/houstonchronicle.com,2000.0,1901.0,Houston,Texas,houstonchron,News headlines and tweets from Houston Chronicle journalists.,608889.0,4828.0,private,"Get the latest news on Houston, Texas, the United States and the world from the Houston Chronicle on HoustonChronicle.com."
8,Texas Tribune,http://logo.bigpicture.io/logo/texastribune.org,50.0,2009.0,Austin,Texas,texastribune,"A member-supported, nonpartisan newsroom informing & engaging Texans on state politics & policy. Tweets by @bobbycblanchard. Subscribe: https://t.co/7vzWxFKD0J",206768.0,5478.0,private,"A member-supported, nonpartisan newsroom informing & engaging Texans on state politics & policy. Tweets by @bobbycblanchard. Subscribe: https://t.co/7vzWxFKD0J"
9,Los Angeles Times,http://logo.bigpicture.io/logo/latimes.com,1081.0,1881.0,El Segundo,California,latimes,News from Los Angeles and the world. Staffed by http://t.co/zb8HyvYyAJ editors.,3291568.0,232.0,public,"The LA Times is a leading source of breaking news, entertainment, sports, politics, and more for the nation, world and California."
10,Pbs,http://logo.bigpicture.io/logo/pbs.org,958.0,1969.0,Arlington,Virginia,pbs,PBS invites you to discover new ideas and explore new worlds. Join us here for conversation.,2245928.0,522.0,private,"Watch full episodes of your favorite PBS shows, explore music and the arts, find in-depth news analysis, and more. Home to Antiques Roadshow, Frontline, NOVA, PBS Newshour, Masterpiece and many others."
11,San Francisco Chronicle,http://logo.bigpicture.io/logo/sfgate.com,413.0,1994.0,Sacramento,California,sfgate,Twitter home of http://t.co/iRJqsc63r7. The authority on all things San Francisco and the Bay Area.,477968.0,285.0,private,"SFGATE: Local news & information, updated weather, traffic, entertainment, celebrity news, sports scores and more."
12,Sacramento Bee,http://logo.bigpicture.io/logo/sacbee.com,291.0,1857.0,Sacramento,California,sacbee_news,"Official account of The Sacramento Bee in California. News, sports, entertainment, politics & more. #ReadLocal Subscribe today: https://t.co/segasrFnvG",218664.0,2026.0,private,"Read today's latest news headlines from the Sacramento metro and surrounding areas of Northern California. Stay up to date on state politics, local stories, crime and sports."
13,Atlantic,http://logo.bigpicture.io/logo/theatlantic.com,291.0,1857.0,Washington,District of Columbia,theatlantic,"Politics, culture, business, science, technology, health, education, global affairs, more. Tweets by @CaitlinFrazier",1726071.0,262.0,private,"The Atlantic covers news and analysis on politics, business, culture, technology, national, international and life on the official site of The Atlantic Magazine."
14,Copley Press,http://logo.bigpicture.io/logo/sandiegouniontribune.com,4170.0,1868.0,San Diego,California,sdut,"The San Diego Union-Tribune, the region's leading news source since 1868. Follow our journalists, too: https://t.co/bahQMYf2zJ",181028.0,2587.0,private,"The San Diego Union-Tribune, LLC publishes newspapers. The Company provides information related to business, sports, entertainment, multimedia, forums, and healthy living. The San Diego Union-Tribune serves customers in the United States."
15,Economist,http://logo.bigpicture.io/logo/economist.com,3001.0,1843.0,New York,New York,theeconomist,News and analysis with a global perspective. Subscribe here: https://t.co/pFWmy2HGmY,24839535.0,1448.0,private,"Economist Newspaper Ltd. offers newspaper publishing services. The Company provides current affairs, insight opinion, politics, business, finance, science and technology, as well as overviews of cultural trends and business reports. Economist Newspaper serves customers worldwide."
16,Philadelphia Inquirer,http://logo.bigpicture.io/logo/inquirer.com,3001.0,1994.0,Philadelphia,Pennsylvania,phillyinquirer,"The Philadelphia Inquirer is your front-row seat to the Greater Philadelphia region. You can support local, impactful journalism at https://t.co/Dw4BC5NdNs.",407821.0,1880.0,public,"Inquirer.com is your source for all Philadelphia news. Check out 24-hour breaking news, sports, weather, entertainment and more."
17,Pittsburgh Post-Gazette,http://logo.bigpicture.io/logo/post-gazette.com,751.0,1786.0,Clinton,Pennsylvania,pittsburghpg,"The Pittsburgh Post-Gazette, serving Western Pennsylvania for over 200 years. Follow the latest breaking news, opinion, analysis and more at https://t.co/3GRvIG4U4p",170586.0,4008.0,private,"PG Publishing Company, doing business as Pittsburgh Post-Gazette, publishes a newspaper. The Company provides local news, sports, insightful editorials, national and global coverage, and classifieds. Pittsburgh Post-Gazette serves customers in State of Pennsylvania."
18,Pennlive,http://logo.bigpicture.io/logo/pennlive.com,31.0,1999.0,Mechanicsburg,Pennsylvania,pennlive,"Pennsylvania's source for news, sports, entertainment and more. Tips: Email newstips@pennlive.com.",123363.0,4405.0,private,"Pennsylvania source for breaking news, sports, entertainment and weather. Watch videos, view photos and join the discussion. Get headlines from across Pa. online at PennLive.com."
19,FOX 7 Austin,http://logo.bigpicture.io/logo/fox7austin.com,55.0,1952.0,Austin,Texas,fox7austin,We cover local news in Central #Texas. Got a news tip? Call us at 512-472-0988 or email us: ktbcweb@foxtv.com,131037.0,34103.0,public,"Texas news, weather, traffic and sports from FOX 7, serving Austin, Round Rock, and San Marcos. Watch breaking news live or see the latest videos from programs like Good Day Austin."
20,"Fox 5 Atlanta, Waga-Tv",http://logo.bigpicture.io/logo/fox5atlanta.com,126.0,1949.0,Atlanta,Georgia,fox5atlanta,More local news than any other station in the Atlanta area. Home to @GoodDayAtlanta @FOX5StormTeam @FOX5Sports @SKYFOXTraffic and more! #fox5atl,630723.0,12588.0,private,"Atlanta breaking news, weather, and sports from FOX 5 Atlanta, WAGA, FOX 5, Atlanta news, Atlanta weather, Atlanta sports, Georgia news, Good Day Atlanta, FOX 5 Storm Team, FOX 5 I-Team, FOX 5 News, High 5 Sports."
21,Wfxt,http://logo.bigpicture.io/logo/myfoxboston.com,18.0,1972.0,Boston,Massachusetts,boston25,Boston 25 News provides complete New England news coverage that matters to you.,317566.0,17907.0,private,"Boston 25 | Breaking news, severe weather, live radar, traffic, investigations, video stream, apps, Roku, Amazon, Apple TV -- complete New England coverage that matters to you."
22,Kgan,http://logo.bigpicture.io/logo/cbs2iowa.com,134.0,1953.0,Cedar Rapids,Iowa,iowasnewsnow,"When news breaks and severe weather rolls in, Iowa‚Äôs News Now is giving you the most up to date information. When we know, you‚Äôll know. That‚Äôs what NOW means.",20923.0,81071.0,public,"KGAN¬†is an Iowa based station owned and operated by Sinclair Broadcast Group, Inc. Sinclair Broadcast Group, Inc. is one of the largest and most diversified television broadcasting companies in the country today. ]"
23,Round Rock Leader,http://logo.bigpicture.io/logo/rrleader.com,6.0,1896.0,Austin,Texas,statesman,"Austin, Texas news, entertainment and more brought to you by https://t.co/akEKLBvQV4.",308856.0,334407.0,private,"Austin, Texas news, entertainment and more brought to you by https://t.co/akEKLBvQV4."
24,New York Post Publishing,http://logo.bigpicture.io/logo/nypost.com,461.0,1801.0,New York,New York,nypost,"Breaking news & features from The New York Post. Follow your favorite sections: @pagesix, @nypmetro, @nypostbiz, @nypostsports, @nypfashion, @nypostopinion",1402552.0,177.0,private,"New York Post Publishing, Inc. provides online and print news. The Company offers information on sorts, gossips, entertainment, classifieds, business columnists, real estate, jobs, stock quotes, movies, food, fashion, music, theater, health, travel, horoscope, dating, weekend guide, and comics and games."
25,Star Tribune Co,http://logo.bigpicture.io/logo/startribune.com,701.0,1867.0,Minneapolis,Minnesota,startribune,Minnesota's top choice for news. https://t.co/FZcJSiH6Bx Journalists: https://t.co/DKVw7iC5C9 Help: @startribsupport üëâ https://t.co/vKAwRdsVpl,365569.0,1364.0,private,"Star Tribune Company publishes newspaper. The Company covers current events, weather, sports, crime, local government, and community development. Star Tribune Company serves residents in the State of Minnesota."
26,Newsday,http://logo.bigpicture.io/logo/newsday.com,3001.0,1940.0,Melville,New York,newsday,Breaking news and daily discussion on the latest happenings on Long Island. Send news tips or questions and join the conversation.,294608.0,2452.0,private,"Newsday LLC offers newspaper printing and publishing services. The Company publishes news on sports, business, entertainment, and politics, as well as offers magazines and information electronically."
27,Chicago Tribune,http://logo.bigpicture.io/logo/chicagotribune.com,835.0,1847.0,Chicago,Illinois,chicagotribune,Breaking news since 1847.,1096449.0,595.0,private,"Chicago Tribune: Your source for Chicago breaking news, sports, business, entertainment, weather and traffic"
28,Azcentral,http://logo.bigpicture.io/logo/azcentral.com,375.0,1890.0,Van Buren,Arizona,azcentral,"Award-winning local journalism from https://t.co/w5mSTXCsPZ. Bad jokes from @d__woodward, @angelmendozaAZC, @grace_palmieri and @rettmitch.
Instagram: azcentral",383100.0,1345.0,private,"azcentral.com is the digital home of The Arizona Republic newspaper, with breaking news and in-depth coverage of sports, things to do, travel and opinions."
29,NJ,http://logo.bigpicture.io/logo/nj.com,39.0,1996.0,Newark,New Jersey,njdotcom,"N.J.'s #1 news website. #TrueJersey
Tips: https://t.co/uw1FGG3u5M
NJ Cannabis Insider: https://t.co/t6YKDdgge0 
HS Sports Live: https://t.co/rdwjgfzOHS",515029.0,714.0,private,Newark Morning Ledger Co. was founded in 1916. The Company's line of business includes publishing newspapers.
30,Atlanta Journal-Constitution,http://logo.bigpicture.io/logo/ajc.com,523.0,1868.0,Atlanta,Georgia,ajc,Atlanta's best source for news. You can reach our customer service team here: @AJCassist,1046519.0,1789.0,private,"Atlanta Journal Constitution publishes newspaper. The Company offers newspaper archives, digital products, local news, entertainment, travel, and shopping."
31,Philadelphia Inquirer,http://logo.bigpicture.io/logo/inquirer.com,3001.0,1994.0,Philadelphia,Pennsylvania,phillyinquirer,"The Philadelphia Inquirer is your front-row seat to the Greater Philadelphia region. You can support local, impactful journalism at https://t.co/Dw4BC5NdNs.",407821.0,1880.0,public,"Inquirer.com is your source for all Philadelphia news. Check out 24-hour breaking news, sports, weather, entertainment and more."
32,Cleveland.com,http://logo.bigpicture.io/logo/cleveland.com,55.0,1996.0,Jersey City,New Jersey,clevelanddotcom,"Breaking news, sports and entertainment from across Northeast Ohio.",126527.0,1577.0,private,"Get the latest Cleveland, OH local news, sports news &amp; US breaking news. View daily Northeast Ohio weather updates, watch videos and photos, join the discussion in forums. Find more news articles and stories online at cleveland.com."
33,Detroit Free Press,http://logo.bigpicture.io/logo/freep.com,185.0,1831.0,Mclean,Virginia,freep,"Breaking news, analysis and chatter from Detroit and Michigan. w/ @BrianManzullo, @lissa218, @twildt, @AEtmansHuschka, @KaylaCockrel and the web team. On Guard.",472771.0,1324.0,private,"Detroit Michigan news - freep.com is the Detroit Free Press. News about Detroit, as well as headlines and stories from around Michigan."
34,Miami Herald,http://logo.bigpicture.io/logo/miamiherald.com,751.0,1903.0,Miami,Florida,miamiherald,"The news. Every day. Your way. 
Instagram: https://t.co/IWVZL1oZtn 
Facebook: https://t.co/GpJncBbk9j
Subscribe: https://t.co/Dmn4VKwbXd",475963.0,1541.0,private,"Miami Herald Publishing Co publishes newspapers.  The Company offers sports, business, politics, living, obtiuaries, public notices, cars, job, moonlighting, shopping, travel, lifestyle, entertainment, health, and real estate related news. Miami Herald Publishing serves customers in the State of Florida."
35,Tampa Bay Times - Times Publishing Co,http://logo.bigpicture.io/logo/tampabay.com,751.0,1884.0,Tampa,Florida,tb_times,Florida's largest and best newspaper with 12 Pulitzer Prizes. Have story ideas or tips? DM us. Support our local journalism ‚û°Ô∏è https://t.co/DR6yAyDcgS.,285647.0,2115.0,private,Lightning Hockey LP was founded in 2010. The company's line of business includes operating and promoting professional and semiprofessional athletic clubs and events.
36,Oregonian,http://logo.bigpicture.io/logo/oregonlive.com,237.0,1850.0,Jersey City,New Jersey,oregonian,News updates from the #1 news source in the Pacific NW. See it all at https://t.co/ToPnEy6ueV. Find reporter and more accounts in our lists.,322902.0,1516.0,private,"Get the latest Oregon Local News, Sports News &amp; US breaking News. View daily OR weather updates, watch videos and photos, join the discussion in forums. Find more news articles and stories online at OregonLive.com"
37,Orlando Sentinel,http://logo.bigpicture.io/logo/orlandosentinel.com,751.0,1876.0,Orlando,Florida,orlandosentinel,"The Orlando Sentinel, founded in 1876, is the most comprehensive news source in Central Florida.",317046.0,3772.0,private,"Orlando and Central Florida breaking news and weather, plus things to do, jobs information, sports and more from its top newspaper."
38,Copley Press,http://logo.bigpicture.io/logo/sandiegouniontribune.com,0.0,1868.0,San Diego,California,sdut,"The San Diego Union-Tribune, the region's leading news source since 1868. Follow our journalists, too: https://t.co/bahQMYf2zJ",181028.0,2587.0,private,"The San Diego Union-Tribune, LLC publishes newspapers. The Company provides information related to business, sports, entertainment, multimedia, forums, and healthy living. The San Diego Union-Tribune serves customers in the United States."
39,Orange County Register,http://logo.bigpicture.io/logo/ocregister.com,301.0,1905.0,Anaheim,California,ocregister,"Orange County, California News, Sports and Entertainment",207886.0,3194.0,private,"OCRegister.com covers local news in Orange County, CA, California and national news, sports, things to do and the best places to eat, business and the Orange County housing market."
40,St. Louis Post-Dispatch,http://logo.bigpicture.io/logo/stltoday.com,257.0,1878.0,St. Louis,Missouri,stltoday,"St. Louis Post-Dispatch news, sports, business, features, blogs, photos and video. @Weatherbird is the Twitter ambassador for the P-D.",251532.0,1745.0,private,"St. Louis sports, news, breaking news, lifestyle, parenting, business, entertainment, weather, jobs, autos and real estate listings from the St. Louis Post-Dispatch & STLtoday.com"
41,Indianapolis Star,http://logo.bigpicture.io/logo/indystar.com,225.0,1903.0,Indianapolis,Indiana,indystar,"News that matters. Sports that thrill. A city that excites. Local journalism from Central Indiana.
Instagram: IndyStar
Snapchat: indystarsnaps",265243.0,3056.0,public,"The source for Indianapolis, Indiana news, breaking news, weather, sports and things to do."
42,New York Post Publishing,http://logo.bigpicture.io/logo/nypost.com,461.0,1801.0,New York,New York,nypost,"Breaking news & features from The New York Post. Follow your favorite sections: @pagesix, @nypmetro, @nypostbiz, @nypostsports, @nypfashion, @nypostopinion",1402552.0,177.0,private,"New York Post Publishing, Inc. provides online and print news. The Company offers information on sorts, gossips, entertainment, classifieds, business columnists, real estate, jobs, stock quotes, movies, food, fashion, music, theater, health, travel, horoscope, dating, weekend guide, and comics and games."
43,Denver Post,http://logo.bigpicture.io/logo/denverpost.com,751.0,1892.0,Denver,Colorado,denverpost,Colorado's source for breaking news and information. Get unlimited digital access https://t.co/1v4RgsBl4b or get the news sent straight to you https://t.co/sYORpoazmo.,448752.0,577.0,private,"The Denver Post, LLC telecasts and broadcasts news. The Company publishes news on topics including sports, business, entertainment, political, business, lifestyle, crime, education, domestic and international, and weather. Denver Post serves customers worldwide."
44,New York Daily News,http://logo.bigpicture.io/logo/nydailynews.com,432.0,1919.0,New York,New York,nydailynews,"New York's Hometown Paper. üçé Breaking news, national (with a NY lens), politics, entertainment and sports in NYC and beyond |  Media Kit https://t.co/reU6GpyHJd",682394.0,596.0,public,"Breaking news, NYC, national, entertainment, sports & more | 11 Pulitzer Prizes | NYDNTips@NYDailyNews.com 212-210-TIPS"
45,San Antonio Express-News,http://logo.bigpicture.io/logo/expressnews.com,303.0,1865.0,San Antonio‚Äôs,Texas,mysa,"Tweeting the latest from https://t.co/zgCPJEYHdk ‚Äî the city's source for breaking news, culture y m√°s | by the 
San Antonio Express-News",205203.0,29801.0,private,"Stay on top of the latest in San Antonio news, sports and business from the San Antonio Express-News on ExpressNews.com."
46,Baltimore City Paper,http://logo.bigpicture.io/logo/baltimoresun.com,126.0,1977.0,Baltimore,Maryland,baltimoresun,Light for all.,333754.0,3145.0,private,"The Baltimore Sun Company provides online information and news services. The Company offers local, sports, ravens, business, travel and entertainment, lifestyles, health, opinion, and marketplace news. The Baltimore Sun serves customers in the State of Baltimore."
47,Daily Caller,http://logo.bigpicture.io/logo/dailycaller.com,67.0,2009.0,Washington,District of Columbia,dailycaller,The journalists who love America.,572412.0,231.0,private,"The Daily Caller is a 24-hour news publication providing its audience with original reporting, thought-provoking commentary and breaking news."
48,San Jose Mercury News,http://logo.bigpicture.io/logo/mercurynews.com,751.0,1983.0,San Jose,California,mercnews,Latest Silicon Valley and San Francisco Bay Area news from reporters & columnists at The Mercury News.,232901.0,1113.0,private,"San Jose Mercury News, Inc. publishes print and online newspapers. The company offers news and information in the areas of business, technology, sports, and entertainment, as well as opinions and town news. The company was formerly known as San Jose Weekly Visitor and changed its name to San Jose Mercury News, Inc. in January, 1983. The company was founded in 1851 and is based in San Jose, California. San Jose Mercury News, Inc. operates as a subsidiary of MediaNews Group, Inc."
49,Milwaukee Journal Sentinel,http://logo.bigpicture.io/logo/jsonline.com,344.0,1995.0,Milwaukee,Wisconsin,journalsentinel,News from Milwaukee and Wisconsin. Also at  https://t.co/5XqRwZxR48 and https://t.co/uI7KIwYuLm.,71807.0,3182.0,private,"Journal Sentinel Inc. prints and publishes newspapers. The Company provide state, national, world, sports, business, entertainment news, as well as online news. Journal Sentinel operates in the United States."
50,Seattle Times,http://logo.bigpicture.io/logo/seattletimes.com,509.0,1896.0,Seattle,Washington,seattletimes,"Local news, sports, business, politics, entertainment, travel, restaurants and opinion for Seattle and the Pacific Northwest. Tweet us with news tips, @ or DM",638652.0,1876.0,private,"Local news, sports, business, politics, entertainment, travel, restaurants and opinion for Seattle and the Pacific Northwest."
51,Gainesville Times,http://logo.bigpicture.io/logo/gainesvilletimes.com,41.0,1947.0,Gainesville,Georgia,gtimes,Northeast Georgia's best news source,8189.0,57465.0,private,The Gainesville Times is a newspaper committed to providing news about Hall County and Northeast Georgia.
52,Charlotte Observer,http://logo.bigpicture.io/logo/charlotteobserver.com,282.0,1886.0,Charlotte,North Carolina,theobserver,"The largest newspaper in the Carolinas. Reporting clearly, truthfully, completely.",246942.0,4754.0,private,"Follow the Charlotte Observer for the latest headlines on Charlotte and North Carolina news. Find local breaking news, sports, crime, politics, business, arts, culture, and more. "
53,Valdosta Daily Times,http://logo.bigpicture.io/logo/valdostadailytimes.com,6.0,1905.0,Valdosta,Georgia,thevdt,Your News. Your Voice. Your Times.,6752.0,58094,private,Your News. Your Voice. Your Times.
54,Abc Television,http://logo.bigpicture.io/logo/abc.com,3001.0,2018.0,New York,New York,abc,"All the news and information you need to see, curated by the @ABC News team.",16628565.0,71259.0,private,"ABC, Inc. operates as a television entertainment company. The Company offers television shows, movies, tickets, and episodes. ABC serves customers worldwide."
55,Al Jazeera Media Network,http://logo.bigpicture.io/logo/aljazeera.com,7501.0,2006.0,Northwest,District of Columbia,ajenglish,Hear the human story and join the discussion. For more news follow @AJENews.,6340153.0,2927.0,private,"Al Jazeera International (USA), Inc. provides broadcasting services. The Company publishes news on sports, business, entertainment, weather, and politics. Al Jazeera International serves customers worldwide."
56,Ars Technica,http://logo.bigpicture.io/logo/arstechnica.com,126.0,1998.0,New York,New York,arstechnica,"Original news, reviews, analysis of tech trends, and expert advice on the most fundamental aspects of tech.",1165140.0,840.0,private,"Serving the Technologist for more than a decade. IT news, reviews, and analysis."
57,Associated Press,http://logo.bigpicture.io/logo/apnews.com,7501.0,1846.0,New York,New York,ap,"News from The Associated Press, and a taste of the great journalism produced by AP members and customers. Managed 24/7 by these editors: https://t.co/D0hLCc7ShX",14345970.0,382.0,private,"News from The Associated Press, the definitive source for independent journalism from every corner of the globe."
58,Axios,http://logo.bigpicture.io/logo/axios.com,107.0,2016.0,Arlington,Virginia,axios,"Smart Brevity worthy of people's time, attention and trust. Visit our stream: https://t.co/MOsBGwib0S Subscribe to our newsletters: https://t.co/hi21XepUhE",312973.0,1085.0,private,"AXIOS Media Inc. operates as a media company. The Company publishes news, as well as focuses on business, technology, politics, science, and media trends. AXIOS Media serves clients in the United States."
59,Bloomberg Lp,http://logo.bigpicture.io/logo/bloomberg.com,2300.0,1981.0,New York,New York,theterminal,Financial services professionals rely on the best in data and analytics. Learn more about insights and product updates you can use to make informed decisions.,110398.0,189.0,private,"Bloomberg Tradebook LLC provides securities brokerage services. The Company offers equities, options, futures, commodity derivatives, and fixed income securities trading services. Bloomberg Tradebook serves clients in the United States."
60,Breitbart News Network,http://logo.bigpicture.io/logo/breitbart.com,6.0,2007.0,Los Angeles,California,breitbartnews,"News, commentary, and destruction of the political/media establishment.",1418654.0,140.0,private,"Breitbart News Network LLC publishes information and news over the Internet. The Company offers articles and multimedia content on subjects such as politics, business, sports, entertainment, science & tech, and health."
61,Business Insider Singapore,http://logo.bigpicture.io/logo/businessinsider.com,6.0,2007.0,New York,New York,businessinsider,"What you want to know about business. A division of @thisisinsider. Follow us on Facebook, Instagram, and YouTube. Visit our homepage for the day's top stories.",3006541.0,49707.0,private,"Business Insider, Inc. provides entertainment and news over the internet. The Company publishes articles on technology, entertainment, strategy, finance, sports, lifestyle, and politics. Business Insider operates in the United States."
62,Buzzfeed,http://logo.bigpicture.io/logo/buzzfeed.com,3001.0,2006.0,New York,New York,buzzfeed,"Brb, taking quizzes.",6433443.0,153.0,private,"BuzzFeed, Inc. provides entertainment contents. The Company streams popular videos, pictures, movies, games, politics, sports, jokes, food, business, science, and music online, as well as over social and mobile media. BuzzFeed conducts business in the United States."
63,CBS News,http://logo.bigpicture.io/logo/cbsnews.com,1763.0,1927.0,New York,New York,cbsnews,Your source for original reporting and trusted news.,6975247.0,265.0,public,"Watch CBSN the live news stream from CBS News and get the latest, breaking news headlines of the day for national news and world news today."
64,Engadget,http://logo.bigpicture.io/logo/engadget.com,104.0,2004.0,San Francisco,California,engadget,Engadget is the original home for technology news and reviews. https://t.co/6NnXn9BWso,2415953.0,418.0,private,"Engadget is the original home for technology news and reviews. Since its founding in 2004, we've grown from an exhaustive source for consumer tech news to a global multimedia organization covering the intersection of technology, gaming and entertainment."
65,Entertainment Weekly,http://logo.bigpicture.io/logo/ew.com,351.0,1990.0,New York,New York,ew,Keeping you plugged in to pop culture üé•üì∫ üé§üìö üé≠,6575791.0,592.0,private,"Entertainment Weekly Inc. provides broadcasting and publishing services. The Company offers movies, music, books, video, and newsletter publishing services. Entertainment Weekly operates in the State of New York."
66,Espn,http://logo.bigpicture.io/logo/espn.com,7381.0,1979.0,Bristol,Connecticut,espn,Download the ESPN App ‚¨áÔ∏è,34388001.0,14.0,private,"Visit ESPN to get up-to-the-minute sports news coverage, scores, highlights and commentary for NFL, MLB, NBA, College Football, NCAA Basketball and more."
67,NBC 10 Philadelphia,http://logo.bigpicture.io/logo/nbcphiladelphia.com,24.0,2008.0,Philadelphia,Pennsylvania,nbcphiladelphia,"Thank you for stopping by @NBCPhiladelphia - the place to go for exclusive local stories, the latest breaking news, weather updates and more.",620543.0,11271.0,private,"WCAU, virtual channel 10, is an NBC owned-and-operated television station licensed to Philadelphia, Pennsylvania, United States."
68,Fortune Magazine,http://logo.bigpicture.io/logo/fortune.com,163.0,1930.0,New York,New York,fortunemagazine,"Defining design, arresting photography, and award-winning writing for those who want to succeed in business and in life. https://t.co/cqCsV8YG7D",2269468.0,2060.0,private,"Defining design, arresting photography, and award-winning writing for those who want to succeed in business and in life. https://t.co/cqCsV8YG7D"
69,Fox News Channel,http://logo.bigpicture.io/logo/foxnews.com,3001.0,1996.0,New York,New York,foxnews,"Follow America's #1 cable news network, delivering you breaking news, insightful analysis, and must-see videos. https://t.co/3gb0b8MMza",19469753.0,69.0,private,"Fox News Network, LLC operates as a media service company. The Company offers FOX news channel, political and business news, breaking-news coverage, weekday talk shows, and entertainment services. Fox News Network serves customers worldwide."
70,Google,http://logo.bigpicture.io/logo/google.com,135301.0,1998.0,Mountain View,California,Google,#HeyGoogle,22976865.0,1.0,private,"Google, LLC is an American multinational technology company that specializes in Internet-related services and products, which include online advertising technologies, a search engine, cloud computing, software, and hardware."
71,Y Combinator,http://logo.bigpicture.io/logo/ycombinator.com,1114.0,2017.0,Mountain View,California,ycombinator,combinator.com,1112622.0,1142.0,private,"Y Combinator, Inc. operates as a venture capital firm. The Company focuses on the technology sectors. Y Combinator serves clients in the United States."
72,Mashable,http://logo.bigpicture.io/logo/mashable.com,330.0,2005.0,New York,New York,mashable,Mashable is for superfans. We're not for the casually curious. Obsess with us.,9819638.0,460.0,private,"Mashable is a global, multi-platform media and entertainment company."
73,Koin,http://logo.bigpicture.io/logo/koin.com,126.0,1953.0,Portland,Oregon,koinnews,Portland's CBS Affiliate | Breaking News | In-depth Investigations | WX | Traffic,121227.0,473876.0,private,"Montecito Portland, LLC owns and operates television broadcasting stations. The Company broadcasts news, weathers, and traffic information on television. Montecito Portland serves customers in the United States."
74,MSNBC,http://logo.bigpicture.io/logo/msnbc.com,550.0,1996.0,Redmond,Washington,msnbc,"The place for in-depth analysis, political commentary and informed perspectives.",2757265.0,550.0,private,"M S N B C Interactive News L L C was founded in 1996. The company's line of business includes furnishing news, pictures, and features and in supplying news reporting services to newspapers and periodicals."
75,Mtv Network,http://logo.bigpicture.io/logo/mtv.com,850.0,1984.0,New York,New York,mtv,Support #BlackLivesMatter and find resources below:,15791851.0,1015.0,private,"MTV Networks Company operates as a television programming services company. The Company focuses its programming on youth and teenage programming.. MTV provides online entertainment, television series, music videos and performances, news, video games, and social media."
76,National Geographic,http://logo.bigpicture.io/logo/nationalgeographic.com,3001.0,1888.0,Washington,District of Columbia,natgeotravel,It's a big world. Join us to explore it with passion and purpose.,7260630.0,1081.0,private,"National Geographic Society operates as a nonprofit scientific and educational organization. The Company offers a variety of journals, magazines, television documentaries, television channels, and others. National Geographic also provides funds for scientific research, conservation, and exploration projects, as well as support an education program combating geographic illiteracy."
77,Nbc News,http://logo.bigpicture.io/logo/nbcnews.com,7501.0,1996.0,New York,New York,nbcnews,"News updates from around the üåé, all day, every day. Home of @NBCBLK, @NBCLatino, @NBCAsianAmerica, @NBCOUT & more.",7724841.0,166.0,private,"NBC News Digital LLC offers newspaper publishing services. The Company provides news shows, live video coverage, original journalism, lifestyle features, commentary, and local updates. NBC News Digital serves customers worldwide."
78,WFSB,http://logo.bigpicture.io/logo/wfsb.com,123.0,1957.0,Rocky Hill,Connecticut,wfsbnews,"The official Twitter page for WFSB, Channel 3 Eyewitness News",223735.0,69340.0,private,"WFSB, Channel 3 Eyewitness News for Connecticut"
79,New Scientist,http://logo.bigpicture.io/logo/newscientist.com,78.0,1956.0,Chesterfield,Missouri,newscientist,The best place to find out what‚Äôs new in science ‚Äì and why it matters. Tweets by @SoMe_Lilian. Subscribe here: https://t.co/39g6XuLDoZ,3550166.0,4658.0,private,"New Scientist Ltd operates as a publishing company. The Company publishes news about health, space, physics, technology, life, events, and current affairs. New Scientist serves customers worldwide."
80,Newsweek,http://logo.bigpicture.io/logo/newsweek.com,251.0,1933.0,New York,New York,newsweek,"Stay relevant. News and analysis on politics, science, technology, and culture. Our staff likes to tweet: https://t.co/9nAK2YjGoz",3307031.0,362.0,private,Stay relevant.
81,New York Magazine,http://logo.bigpicture.io/logo/nymag.com,751.0,1968.0,New York,New York,nymag,"The ideas, people, and cultural currents that are forever reshaping the world.
Subscribe: https://t.co/qJHNRF0aEA
For subscription questions, contact @nymagsupport",1800056.0,821.0,private,"New York Magazine Holdings, LLC operates as a holding company. The Company, through its subsidiaries, publishes magazines that covers, analyzes, comments, and defines news, culture, lifestyle, fashion, and personalities. NEW York Magazine Holdings operates in the State of New York."
82,Politico,http://logo.bigpicture.io/logo/politico.com,563.0,2007.0,Wilmington,Delaware,politico,"Nobody knows politics like POLITICO. Got a news tip for us? 
üëâ https://t.co/fp9nugJuND",3961208.0,268.0,private,"Nobody knows politics like POLITICO. Got a news tip for us? 
üëâ https://t.co/fp9nugJuND"
83,Wgno Abc26,http://logo.bigpicture.io/logo/wgno.com,52.0,1971.0,New Orleans,Louisiana,wgnotv,This is the official Twitter account for WGNO News (ABC26) in New Orleans. Tag photos and videos #WGNO for permission to share on air and online.,39488.0,43948.0,private,"News, Video, & Pictures for New Orleans & South Louisiana"
84,Reddit,http://logo.bigpicture.io/logo/reddit.com,751.0,2005.0,San Francisco,California,reddit,The front page of the internet  ‚Ä¢  Get the app: https://t.co/lShIcqSOWi ‚Ä¢ Interested in doing an AMA? Visit https://t.co/6EXpZZ4kL5,717958.0,7.0,private,"Reddit, Inc. operates a social sharing and aggregation website. The Company publicizes online items recommended by members and aggregates news stories submitted by users and filters those submissions based on user votes. Reddit serves customers worldwide."
85,Reuters,http://logo.bigpicture.io/logo/reutersmedia.net,25000.0,1851.0,Eagan,Minnesota,reuters,"Top and breaking news, pictures and videos from Reuters. For more breaking business news, follow @ReutersBiz.",22138044.0,284.0,public,"Reuters.com brings you the latest news from around the world, covering breaking news in markets, business, politics, entertainment, technology, video and pictures."
86,RT Web Team,http://logo.bigpicture.io/logo/rt.com,939.0,2005.0,Washington,District of Columbia,rt_com,"RT, the global news network, broadcasts from Moscow, London, Paris and Washington studios to over 100 countries.",2695696.0,51.0,public,Question more.
87,Techcrunch,http://logo.bigpicture.io/logo/techcrunch.com,139.0,2005.0,San Francisco,California,techcrunch,Technology news and analysis with a focus on founders and startup teams. Got a tip? tips@techcrunch.com,10173713.0,561.0,private,"TechCrunch - Reporting on the business of technology, startups, venture capital funding, and Silicon Valley"
88,TechRadar,http://logo.bigpicture.io/logo/techradar.com,187.0,2012.0,San Francisco,California,techradar,"Tech news, reviews and how-to guides - the best tech buying advice on the web. 
Newsletter: https://t.co/fXne6zryA7
Follow our writers: https://t.co/cOO3HwIyCx",205490.0,401.0,public,"The latest technology news and reviews, covering computing, home entertainment systems, gadgets and more"
89,American Conservative,http://logo.bigpicture.io/logo/theamericanconservative.com,9.0,2002.0,Washington,District of Columbia,amconmag,"TAC is a bimonthly print and daily digital magazine of measured, principled conservatism. We believe in ideas over ideology and principles over party.",45143.0,5869.0,private,The American Conservative exists to promote a ‚ÄúMain Street‚Äù conservatism that opposes unchecked power in government and business; promotes the flourishing
90,Omaha World Herald,http://logo.bigpicture.io/logo/omaha.com,751.0,1885.0,Omaha,Nebraska,owhnews,News tips? Call 402-444-1304 Customer service: 800-234-6942 More OWH accounts: https://t.co/4ytJdDHHOy\n\n\nSupport great journalism: https://t.co/PEz2qasLcQ,146310.0,28304.0,private,"Omaha World-Herald Company provides news, commentary, information and advertising. The World-Herald is a statewide Nebraska newspaper, that also has a southwest Iowa readership. The Company also offers news on-line at omaha.com."
91,Hill,http://logo.bigpicture.io/logo/thehill.com,186.0,1994.0,New York,New York,thehill,"The Hill is the premier source for policy and political news. Follow for tweets on what's happening in Washington, breaking news and retweets of our reporters.",3440608.0,281.0,private,"News Communications, Inc. publishes and distributes advertiser supported, community oriented newspapers and related targeted audience publications.  The community newspapers are directed at specific geographic communities and, for the most part, are distributed free of charge to selected residences and business establishments in those communities."
92,Verge,http://logo.bigpicture.io/logo/theverge.com,58.0,2011.0,New York,New York,verge,https://t.co/W2SFxIXkC4 covers life in the future.,2584714.0,303.0,private,https://t.co/W2SFxIXkC4 covers life in the future.
93,Wall Street Journal,http://logo.bigpicture.io/logo/wsj.com,3001.0,1889.0,South Brunswick,New Jersey,wsj,News and features from The Wall Street Journal,17859016.0,142.0,private,"Dow Jones & Company, Inc. was founded in 0. The company's line of business includes publishing newspapers."
94,Washington Post,http://logo.bigpicture.io/logo/washingtonpost.com,1843.0,1877.0,Washington,District of Columbia,washingtonpost,Democracy Dies in Darkness.,17850117.0,57.0,public,"Breaking news and analysis on politics, business, world national news, entertainment more. In-depth DC, Virginia, Maryland news coverage including traffic, weather, crime, education, restaurant reviews and more."
95,Washington Times,http://logo.bigpicture.io/logo/washingtontimes.com,133.0,1982.0,Washington,District of Columbia,washtimes,"Reliable reporting, hard-hitting analysis & breaking news, plus RTs from our writers and reporters. Also at @WashTimesOpEd, @WashTimesLocal, @WashTimesSports",367291.0,1835.0,private,The Washington Times delivers breaking news and commentary on the issues that affect the future of our nation.
96,Time Magazine,http://logo.bigpicture.io/logo/time.com,751.0,1922.0,Philadelphia,Pennsylvania,time,Breaking news and current events from around the globe. Hosted by TIME staff.,17265383.0,357.0,private,"Time Home Entertainment Inc was founded in 1998. The company's line of business includes the wholesale distribution of books, periodicals, and newspapers."
97,Active Alliance,http://logo.bigpicture.io/logo/thenewsjournalmediagroup.com,24.0,1985.0,Princeton,New Jersey,activealliance,The USA TODAY Sports Active Alliance is a robust network of the finest full and half marathons across America.,53.0,65938.0,private,The USA TODAY Sports Active Alliance is a robust network of the finest full and half marathons across America.
98,Wired Ventures,http://logo.bigpicture.io/logo/wired.com,247.0,1993.0,San Francisco,California,wired,Where tomorrow is realized.,10364468.0,554.0,private,"Wired Ventures, Inc. publishes magazines. The Company provides daily newspapers that provides current stories, photographs, special sections, and multimedia features. Wired Ventures operates in the United States."
99,Columbus Dispatch,http://logo.bigpicture.io/logo/dispatch.com,751.0,1871.0,Colombus,Ohio,dispatchalerts,"Links to the latest from Ohio's Greatest Home Newspaper, publishing since 1871. Get all of your #OhioState #Buckeye news at https://t.co/6K7o3veC0h and @BuckeyeXtra.",192690.0,5507.0,private,"Dispatch Consumer Services, Inc. provides advertising services. The Company offers printing, advertising, and telemarketing services. Dispatch Consumer Services serves customers in the United States."
100,Honolulu Star-Advertiser,http://logo.bigpicture.io/logo/staradvertiser.com,122.0,2010.0,Honolulu,Hawaii,staradvertiser,The Pulse of Paradise. Breaking news and information from Hawaii's largest news organization.,76029.0,9120.0,private,"Covering Hawaii news, business, sports, entertainment and weather. Hawaii's top source for breaking news."